Question,Answer 1,Answer 2,Answer 3,Answer 4,Time limit (sec),Correct answer(s)
"Коли в Python доцільніше використати цикл while замість циклу for?","Коли кількість повторень невідома заздалегідь і залежить від умови","Тільки коли потрібно перебрати всі елементи списку чи рядка","Коли потрібно виконати тіло циклу рівно 10 разів","Цикл while завжди працює швидше за цикл for",20,1
"Що станеться: money = 0; while money < 1000: print(""Де стипендія?"")?","Цикл виконається 1000 разів і зупиниться","Виникне синтаксична помилка SyntaxError","Нескінченний цикл: значення money ніколи не змінюється","Програма автоматично нарахує 1000 грн студенту",30,3
"Скільки чисел виведе код: n = 1; while n <= 4: print(n); n += 1?","3 числа (1, 2, 3)","4 числа (1, 2, 3, 4)","5 чисел (1, 2, 3, 4, 5)","Жодного, бо умова хибна на старті",30,2
"Які значення виведе цикл: for i in range(5): print(i)?","Від 1 до 5 включно","Від 0 до 5 включно","Від 0 до 4 включно","Від 1 до 4 включно",20,3
"Які значення прийме змінна x у циклі: for x in range(2, 9, 3)?","2, 5, 8","2, 5, 8, 11","3, 6, 9","2, 3, 4, 5, 6, 7, 8",30,1
"Що виведе код: total = 0; for x in [10, 20, 30]: total += x; print(total)?","30","60","[10, 20, 30]","0",30,2
"Коли зупиниться цикл: cups = 0; while cups < 3: cups += 1; print(""Кава"")?","Коли cups стане рівним 3 (після 3 чашок кави)","Коли cups стане рівним 2","Ніколи: сесія близько, кава п'ється нескінченно","Після першої ж чашки кави",30,1
"Яке останнє число виведе цикл: for i in range(5, 0, -1): print(i)?","0","1","-1","Виникне помилка через від'ємний крок",30,2
"Скільки разів надрукується слово: for i in range(10): if i == 3: break; print(""Привіт"")?","10 разів","3 рази (для i = 0, 1, 2)","4 рази (для i = 0, 1, 2, 3)","Жодного разу",30,2
"Який рядок коду реалізує патерн підрахунку кількості успішних замовлень?","orders_count += 1","total_revenue += order_price","avg_receipt = total_revenue / orders_count","order_price = order_price * 0.9",20,1
